1,Astro Candy
2,Atomic
3,Casino Carpet
4,Dojo 2.0
5,Futurism
6,Graffiti
7,King of ETHs
8,The Lab
9,Terra Nova
10,The Metaverse
11,Coral Gables
12,Night Sky
13,Geometric
14,Pax Romana
15,Monochrome City
16,Howling Castles
17,Sky High
18,Joga
19,Tribal
20,Tropic Thunder
160,The Open Seas
161,Hellenic
21,Lab Tags
22,Ol' Blue Eyes
23,721 Ice
24,Calcio
25,The OG
26,Old Fashioned
27,Sidechains
28,Aped In
29,Aloha
30,Cream Blazer
31,Bomber Patch
32,Swagman
33,Bumble Bee Patch
34,Bumble Bee
35,Kensington
36,Notting Hill
37,Buzzer Beater
38,Classy Issue
39,Count Patch
40,The Count
41,Cupertino
42,ETH Maximus patch
43,ETH Maximus
44,Flak Jacket Patch
45,Flak Jacket
46,Black Gamer Hoodie
47,Blue Gamer Hoodie
48,Gray Gamer Hoodie
49,Red Gamer Hoodie
50,Gilet Patch
51,Gilet
52,Leather Jacket
53,LL Black Tee
54,LL White Tee
55,LL Purple Tee
56,LL Colours Tee
57,LL Home Kit
58,LL Away Kit
59,LL 3rd Kit
60,LL Periwinkle Blue Hoodie
61,LL Black Hoodie
62,LL Peaches Hoodie
63,LL Radioactive Hoodie
64,White Bomber
65,Olive Bomber
66,Black Bomber
67,Macau
68,Maharaja
69,Milano
70,Monte Carlo
71,Off-piste patch
72,Off-Piste
73,Rainbow Road
74,Daybreak Patch
75,Daybreak
76,Shearling Black
77,Shearling Cream
78,Hattori Hanzo
79,Vegas
80,Yacht
81,Avalanche
82,Billie Jean
83,LL Black Beanie
84,Bucket
85,Caesar
86,Centurion
87,Cowboy
88,Black Snapback
89,Fitted Grey Cap
90,Fitted White Cap
91,French
92,Headphones
93,Hogan
94,Journalist
95,Kremlin
96,LL Black Cap
97,LL White Cap
98,Magna Carta
99,Notorious
100,Nostra
101,Panama
102,Raiden Patch
103,Raiden
104,Santa
105,Smokey
106,Steampunk
107,Magician
108,Uponly
109,Pandemic
110,Oni 
111,Drippy
112,Revolución
113,Terminator
114,Avalanche
115,Aviator
116,Classic
117,Movie Star
118,ETH Vision
119,Golden Eye
120,Lemonade
121,Trap
122,Malcolm
123,Maison Brown
124,Maison Dark
125,Maison Yellow
126,Maison
127,90s Revival
128,Mr. Anderson
129,Rosé
130,Steampunk
131,White Walker
132,Over 9000
133,Laser
134,Vaporwave
158,Warlock Green
159,Warlock Purple
135,80s Miami
136,Raumdeuter
137,Hasta La Vista
138,Cyberpunk
139,Dark Knight
140,Dojo Cat 2.0
141,Dojo Cat
142,Final Flash
143,Gasbuster
144,Genesis
145,Golden Knight
146,Hashashin
147,The One
148,Pirate King
149,Ranger
150,Shogun
151,Silver Knight
152,Master's Robe
153,Valhalla
154,Shadow Realm
155,Final Flash 2.0
156,Warlock
157,Undisputed